{
    "accuracy": 0.24065420560747663,
    "precision_macro": 0.30927230046948356,
    "recall_macro": 0.2549019607843137,
    "f1_score_macro": 0.10544081156035615,
    "roc_auc_ovr_macro": 0.5257664371956352
}